amino acid	amino acid mutation
A	A
A	G
A	L
A	S
A	T
A	V
C	A
C	C
C	L
C	S
C	T
C	V
D	A
D	D
D	E
D	G
D	N
D	S
E	A
E	D
E	E
E	K
E	Q
E	S
F	A
F	F
F	I
F	L
F	V
F	Y
G	A
G	D
G	G
G	N
G	S
G	T
H	E
H	H
H	K
H	N
H	Q
H	R
I	A
I	F
I	I
I	L
I	T
I	V
K	E
K	K
K	L
K	Q
K	R
K	T
L	A
L	F
L	I
L	L
L	T
L	V
M	F
M	I
M	L
M	M
M	T
M	V
N	D
N	E
N	G
N	N
N	S
N	T
P	A
P	L
P	P
P	S
P	T
P	V
Q	D
Q	E
Q	K
Q	Q
Q	R
Q	T
R	E
R	K
R	L
R	Q
R	R
R	T
S	A
S	E
S	G
S	N
S	S
S	T
T	A
T	K
T	L
T	S
T	T
T	V
V	A
V	I
V	L
V	S
V	T
V	V
W	A
W	F
W	G
W	L
W	W
W	Y
Y	F
Y	H
Y	I
Y	L
Y	V
Y	Y
